sgRNA_ID	gRNA_Seq	Mut_type	Domain	Mutation_list	sgRNA_score	Gene
DNMT3A2_486	GCCCCACTCCTGGATCTGGG	Nonsense	MTase	W698*	1.751051172	DNMT3A
DNMT3A2_456	ACACCTCCGAGGCAATGTAG	Missense	MTase	"E664K, V665M"	1.735522441	DNMT3A
DNMT3A2_335	AGTTCTAGACAGCAGCGGGA	Splice Site	Splice Site	None	1.645690181	DNMT3A
DNMT3A2_532	TCTCAAAGAGCCAGAAGAAG	Missense	MTase	E756K	1.635047245	DNMT3A
DNMT3A2_339	GCGTACCAGTACGACGACGA	Nonsense	ADD	Q527*	1.601537489	DNMT3A
DNMT3A2_522	ACCGCCTCCTGCATGATGCG	Missense	MTase	L737F	1.598453115	DNMT3A
DNMT3A2_565	CCAACCTGTTCATACCGGGA	Splice Site	Splice Site	R803K	1.561449583	DNMT3A
DNMT3A2_334	GTTCTAGACAGCAGCGGGAA	Splice Site	Splice Site	None	1.554929353	DNMT3A
DNMT3A2_302	TGTCTGGAAAGCAGAGGGAG	Splice Site	Splice Site	None	1.546450977	DNMT3A
DNMT3A2_304	GATGTCTGGAAAGCAGAGGG	Splice Site	Splice Site	None	1.515879297	DNMT3A
DNMT3A2_303	ATGTCTGGAAAGCAGAGGGA	Splice Site	Splice Site	None	1.505036595	DNMT3A
DNMT3A2_428	CATCAAAGAGAGACAGCACC	Missense	MTase	D641N	1.455681756	DNMT3A
DNMT3A2_066	GGAGTCTCAGAAGGTGGAGG	Nonsense	Nterm	"S236F, Q237*"	1.453341986	DNMT3A
DNMT3A2_145	TCCGAACCACATGACCCAGC	Nonsense	PWWP	W330*	1.424843186	DNMT3A
DNMT3A2_550	TTGGACTACAAAACAGGAGA	Splice Site	Splice Site	None	1.392170617	DNMT3A
DNMT3A2_534	ATTCTCAAAGAGCCAGAAGA	Missense	MTase	E756K	1.356937841	DNMT3A
DNMT3A2_151	ATTCTCAGTGGTAAGTTGTG	Missense	PWWP	S337L	1.34341625	DNMT3A
DNMT3A2_462	GGACTCCATCACGGTGGGCA	Missense	MTase	S669F	1.313093069	DNMT3A
DNMT3A2_146	CTCCGAACCACATGACCCAG	Nonsense	PWWP	"W330*, G332R"	1.282607358	DNMT3A
DNMT3A2_480	GGAGGATAAAGGCAACGTGA	No Mutation	Intron	None	1.280203665	DNMT3A
DNMT3A2_636	GAGACGTCAGTATAGTGGAC	Missense	MTase	"D876N, V877I"	1.26521687	DNMT3A
DNMT3A2_533	TTCTCAAAGAGCCAGAAGAA	Missense	MTase	E756K	1.25018718	DNMT3A
DNMT3A2_615	TGTCTTCATGAATGAGAAAG	Silent	MTase	None	1.214088639	DNMT3A
DNMT3A2_118	GCTCCCCAATGCCAAAGCCC	Missense	PWWP	"G293K, E294K"	1.21161357	DNMT3A
DNMT3A2_557	AGAAGTGTCAGCTGCACACA	No Mutation	MTase	None	1.171668648	DNMT3A
DNMT3A2_520	GCCGGCCAGTGCCCTCTGAG	Missense	MTase	G728N	1.133755678	DNMT3A
DNMT3A2_305	GCAGATGTCTGGAAAGCAGA	No Mutation	ADD	None	1.128179073	DNMT3A
DNMT3A2_521	GGTAGAACTCAAAGAAGAGC	Silent	MTase	None	1.121322688	DNMT3A
DNMT3A2_322	ATGTGCCAAAACTGCAAGGT	Nonsense	ADD	Q515*	1.079498779	DNMT3A
DNMT3A2_149	AAATTCTCAGTGGTAAGTTG	Missense	PWWP	S337L	1.076306066	DNMT3A
DNMT3A2_426	AAGAGAGACAGCACCCGGAT	No Mutation	MTase	None	1.061983123	DNMT3A
DNMT3A2_300	GGAAAGCAGAGGGAGGGGAT	Intron	Intron	None	1.059013717	DNMT3A
DNMT3A2_458	GGAGTCCTCACACACCTCCG	Missense	MTase	D668N	1.048144071	DNMT3A
DNMT3A2_487	TGGGCCCCACTCCTGGATCT	Nonsense	MTase	"W698*, G699N"	1.023424427	DNMT3A
DNMT3A2_562	GAAGGTTACCCCAGAAGTAG	No Mutation	MTase	None	0.9911365554	DNMT3A
DNMT3A2_137	TGTCTTGGTGGATGACGGGC	Missense	PWWP	S312F	0.9561002478	DNMT3A
DNMT3A2_245	CTCTTCTGGAGGAGGAAAGC	Splice Site	Splice Site	None	0.9461772359	DNMT3A
DNMT3A2_244	GAGGAGGAAAGCAGGTGCCA	No Mutation	Intron	None	0.9403263764	DNMT3A
DNMT3A2_482	TCCTGGATCTGGGAGGATAA	No Mutation	MTase	None	0.928271925	DNMT3A
DNMT3A2_336	AAGCAGTTCTAGACAGCAGC	Missense	ADD	C520Y	0.9157772689	DNMT3A
DNMT3A2_635	AGACGTCAGTATAGTGGACT	Missense	MTase	"D876N, V877I"	0.9127357997	DNMT3A
DNMT3A2_631	TGGGAAACCAAATACCCTGG	Missense	MTase	G869D	0.909494548	DNMT3A
DNMT3A2_168	TCAGCTTCTCAACACACACC	Silent	PWWP	None	0.9090573846	DNMT3A
DNMT3A2_402	CACTCACAAATTCCTGGTCG	Splice Site	Splice Site	None	0.9039342569	DNMT3A
DNMT3A2_592	CTGCAGGAGTGTCTGGAGCA	Nonsense	MTase	Q816*	0.8745514181	DNMT3A
DNMT3A2_150	AATTCTCAGTGGTAAGTTGT	Missense	PWWP	S337L	0.8639400189	DNMT3A
DNMT3A2_564	GTAACCTTCCCGGTATGAAC	Missense	MTase	L798F	0.8634923841	DNMT3A
DNMT3A2_278	CTCTGCAAGGGGAGGAGAGC	Intron	Intron	None	0.8618589348	DNMT3A
DNMT3A2_434	TCGCTACAGGTGAGGGGTGC	Missense	MTase	"A644V, T645I"	0.8515880718	DNMT3A
DNMT3A2_491	GGCCCATTCGATCTGGTGAT	Missense	MTase	P700L	0.8420969777	DNMT3A
DNMT3A2_318	CACATTCCTCCAACGAAGAG	Missense	ADD	G512K	0.8226153992	DNMT3A
DNMT3A2_065	CGGGGAGTCTCAGAAGGTGG	No Mutation	Nterm	None	0.8087976117	DNMT3A
DNMT3A2_566	CCTTCCCGGTATGAACAGGT	Missense	MTase	P799F	0.797565359	DNMT3A
DNMT3A2_644	CGAGGCAGAGACTGCTGGGC	Nonsense	MTase	Q886*	0.7885546044	DNMT3A
DNMT3A2_134	TCATCCACCAAGACACAATG	Nonsense	PWWP	"W313*, W314*"	0.755189135	DNMT3A
DNMT3A2_461	TGTGAGGACTCCATCACGGT	No Mutation	MTase	None	0.7166757387	DNMT3A
DNMT3A2_464	CCATCACGGTGGGCATGGTG	Missense	MTase	T671M	0.7141989547	DNMT3A
DNMT3A2_614	TCTTTCTCATTCATGAAGAC	Missense	MTase	E854K	0.7050594187	DNMT3A
DNMT3A2_588	ATCCACTGTGAATGATAAGC	Missense	MTase	T808I	0.6911612472	DNMT3A
DNMT3A2_281	ACCAGCCGCTCTGCAAGGGG	Missense	Inter1	R478Q	0.690205783	DNMT3A
DNMT3A2_317	ACATTCCTCCAACGAAGAGG	Missense	ADD	G512K	0.6845373834	DNMT3A
DNMT3A2_109	CCGGCCGTCCTGGAGCCCCA	Missense	Nterm	G287N	0.6578075514	DNMT3A
DNMT3A2_167	CAGCTTCTCAACACACACCT	Silent	PWWP	None	0.6492131999	DNMT3A
DNMT3A2_316	GAACACCCCCTCTTCGTTGG	Missense	ADD	"H506Y, P507F"	0.6236640339	DNMT3A
DNMT3A2_306	TGCAGATGTCTGGAAAGCAG	No Mutation	ADD	None	0.6231228639	DNMT3A
DNMT3A2_619	CACTGAAATGGAAAGGTACC	No Mutation	MTase	None	0.6140986093	DNMT3A
DNMT3A2_175	GTACCGCAAAGCCATCTACG	Missense	Inter1	R366C	0.5966856152	DNMT3A
DNMT3A2_457	CATTGCCTCGGAGGTGTGTG	Missense	MTase	A662V	0.5884954924	DNMT3A
DNMT3A2_135	CATTGTGTCTTGGTGGATGA	No Mutation	PWWP	None	0.5755055036	DNMT3A
DNMT3A2_388	TGCGGGCACAAGGGTACCTA	Missense	ADD	H588Y	0.5704031732	DNMT3A
DNMT3A2_488	ATGGGCCCCACTCCTGGATC	Nonsense	MTase	"W698*, G699N"	0.5696746604	DNMT3A
DNMT3A2_186	TCCTCCTCCGAGCTCCCAGC	Intron	Intron	None	0.5454802867	DNMT3A
DNMT3A2_164	CTTCTCAACACACACCTGGG	Missense	PWWP	E342K	0.543951549	DNMT3A
DNMT3A2_479	GAGGATAAAGGCAACGTGAT	No Mutation	Intron	None	0.5416852361	DNMT3A
DNMT3A2_611	AGGTCAAACTCCATAAAGCA	Missense	MTase	S837L	0.5332119325	DNMT3A
DNMT3A2_432	GATGGAATCGCTACAGGTGA	No Mutation	MTase	None	0.5323493738	DNMT3A
DNMT3A2_561	AAGGTTACCCCAGAAGTAGC	Missense	MTase	G796D	0.5288955879	DNMT3A
DNMT3A2_128	AACTGCGGGGCTTCTCCTGG	Missense	PWWP	R301W	0.5208499433	DNMT3A
DNMT3A2_463	CCGCACCATGCCCACCGTGA	Missense	MTase	"M674I, V675I"	0.517355204	DNMT3A
DNMT3A2_587	TCATTCACAGTGGATGCCAA	Missense	MTase	V809I	0.5085293816	DNMT3A
DNMT3A2_651	ACTCCTTCAGCGGAGCGAAG	Missense	MTase	E907K	0.507913693	DNMT3A
DNMT3A2_337	AAAGCAGTTCTAGACAGCAG	Missense	ADD	C520Y	0.495861776	DNMT3A
DNMT3A2_537	CTTTGAGAATGTGGTGGCCA	No Mutation	MTase	None	0.4923733892	DNMT3A
DNMT3A2_523	GCCGCGCATCATGCAGGAGG	Missense	MTase	A741T	0.4921937283	DNMT3A
DNMT3A2_556	AAGAAGTGTCAGCTGCACAC	No Mutation	MTase	None	0.4683034657	DNMT3A
DNMT3A2_639	CCTCGCCAAGCGGCTCATGT	Missense	MTase	A884T	0.4656424085	DNMT3A
DNMT3A2_656	CGTGTGTGTAAGGGACATGG	No Mutation	MTase	None	0.4580725361	DNMT3A
DNMT3A2_357	CTCCAGTGGTCTCCTTAGCT	Intron	Intron	None	0.4536191037	DNMT3A
DNMT3A2_363	TCCACGCAAAAGCACCTGGA	Missense	ADD	"C559Y, V560M"	0.4522129089	DNMT3A
DNMT3A2_524	TGGGCCGCGCATCATGCAGG	Missense	MTase	R742Q	0.4471424837	DNMT3A
DNMT3A2_346	TACTGCACCATCTGCTGTGG	Missense	ADD	T538I	0.444427048	DNMT3A
DNMT3A2_638	CGTCTCCAACATGAGCCGCT	Missense	MTase	S878F	0.44396217	DNMT3A
DNMT3A2_152	CAGTGGTAAGTTGTGGGGTT	No Mutation	PWWP	None	0.442640874	DNMT3A
DNMT3A2_155	TGGGGTTTGGCAGTAGCCTG	No Mutation	Intron	None	0.442167642	DNMT3A
DNMT3A2_210	TGACACTGCCAAGGCCGTGG	Missense	Inter1	T395I	0.43932141	DNMT3A
DNMT3A2_133	CAGGCCGCATTGTGTCTTGG	Missense	PWWP	R309C	0.4389501114	DNMT3A
DNMT3A2_497	ACGATGGAGAGGTCATTGCA	No Mutation	MTase	None	0.43810434	DNMT3A
DNMT3A2_536	CTGGCTCTTTGAGAATGTGG	Missense	MTase	L754F	0.4356745281	DNMT3A
DNMT3A2_634	GACTGGGAAACCAAATACCC	No Mutation	MTase	None	0.4225032791	DNMT3A
DNMT3A2_301	TGGAAAGCAGAGGGAGGGGA	Intron	Intron	None	0.4156936305	DNMT3A
DNMT3A2_477	GTGTGCAGGGAGGGGAAGAC	Intron	Intron	None	0.4154492786	DNMT3A
DNMT3A2_650	CCACCTCTTCGCTCCGCTGA	Missense	MTase	L901F	0.4150475145	DNMT3A
DNMT3A2_542	GGACATCTCGCGATTTCTCG	Silent	MTase	None	0.4116208879	DNMT3A
DNMT3A2_529	GGGCGATCATCTCCCTCCTT	Missense	MTase	"D748N, R749H"	0.4090870873	DNMT3A
DNMT3A2_115	GACGGCCGGGGCTTTGGCAT	Missense	Nterm	R288W	0.4085609711	DNMT3A
DNMT3A2_289	CAGAAGTGCCGGAACATTGA	No Mutation	ADD	None	0.4050405998	DNMT3A
DNMT3A2_546	TTAGTGAGCTGGCCAAACCA	No Mutation	Intron	None	0.4003266289	DNMT3A
DNMT3A2_051	AAGAAAGCCAAGGTCATTGC	Missense	Nterm	A218V	0.3968162764	DNMT3A
DNMT3A2_136	ATTGTGTCTTGGTGGATGAC	Missense	PWWP	S312F	0.3967961502	DNMT3A
DNMT3A2_653	TTGCGTGTGTGTAAGGGACA	Missense	MTase	A910V	0.3923436864	DNMT3A
DNMT3A2_372	GGACCTCTTGGTGGGGCCGG	Missense	ADD	L565F	0.3918921622	DNMT3A
DNMT3A2_535	CTTCTGGCTCTTTGAGAATG	Missense	MTase	L754F	0.3910283082	DNMT3A
DNMT3A2_284	CGTACACCAGCCGCTCTGCA	Missense	Inter1	V480I	0.3829615144	DNMT3A
DNMT3A2_652	CACGCAAAATACTCCTTCAG	Missense	MTase	A910T	0.3825059817	DNMT3A
DNMT3A2_258	CTCCACCAGCCAAAAAGCCC	Missense	Inter1	"P452L, P453L"	0.3785357092	DNMT3A
DNMT3A2_467	TGGGCATGGTGCGGCACCAG	Silent	MTase	None	0.3766429883	DNMT3A
DNMT3A2_460	GTGTGAGGACTCCATCACGG	No Mutation	MTase	None	0.3731612394	DNMT3A
DNMT3A2_400	GGTTATTAGCGAAGAACATC	No Mutation	ADD	None	0.3728355276	DNMT3A
DNMT3A2_188	GAGGAGCCTAGAGCACTAGG	Intron	Intron	None	0.3696017434	DNMT3A
DNMT3A2_502	ATCGTCAACCCTGCTCGCAA	Silent	MTase	None	0.3661584471	DNMT3A
DNMT3A2_341	AGCAGATGGTGCAGTAGGAC	No Mutation	ADD	None	0.3652381564	DNMT3A
DNMT3A2_377	GTCTTCCTTAATGGCTGCCT	Missense	ADD	E578K	0.365088047	DNMT3A
DNMT3A2_560	CACAGGGCCCGCTACTTCTG	Missense	MTase	A791V	0.3639278118	DNMT3A
DNMT3A2_176	GGACCTCGTAGATGGCTTTG	Missense	Inter1	"E371K, V372I"	0.3542260068	DNMT3A
DNMT3A2_299	GAAAGCAGAGGGAGGGGATG	Intron	Intron	None	0.3541064963	DNMT3A
DNMT3A2_567	TTCACCAACCTGTTCATACC	Intron	Intron	None	0.3512739925	DNMT3A
DNMT3A2_022	CTCCCCGCCCCCGGTCTCCC	Intron	Intron	None	0.3494449769	DNMT3A
DNMT3A2_034	AGCGGGTTGTGAGAAGGAAT	No Mutation	Nterm	None	0.3493128061	DNMT3A
DNMT3A2_610	GAGGTCAAACTCCATAAAGC	Missense	MTase	S837L	0.347896176	DNMT3A
DNMT3A2_595	CTAGACGCTGGAGCTGACCT	Intron	Intron	None	0.3413350463	DNMT3A
DNMT3A2_235	AGCCACCAGAAGGTAAATGA	Missense	Inter1	"P424L, P425L"	0.3309260601	DNMT3A
DNMT3A2_052	ATTCATTCCTGCAATGACCT	Missense	Nterm	"G223E, M224I"	0.3297163473	DNMT3A
DNMT3A2_124	AGCTGGTGTGGGGGAAACTG	No Mutation	PWWP	None	0.3259134725	DNMT3A
DNMT3A2_568	TTTCACCAACCTGTTCATAC	Intron	Intron	None	0.3253373349	DNMT3A
DNMT3A2_132	CACCAAGACACAATGCGGCC	Nonsense	PWWP	W313*	0.3245927919	DNMT3A
DNMT3A2_249	TCCCTACAAAGAAGTGTACA	Silent	Inter1	None	0.3200011793	DNMT3A
DNMT3A2_448	TGCAGGGCTCCTGGTGCTGA	Missense	MTase	L647F	0.3078012845	DNMT3A
DNMT3A2_539	CCTCTTGTCACTAACGCCCA	Silent	MTase	None	0.3048141834	DNMT3A
DNMT3A2_433	ATGGAATCGCTACAGGTGAG	Silent	MTase	None	0.3039650762	DNMT3A
DNMT3A2_401	CTTCGCTAATAACCACGACC	Missense	ADD	A610V	0.3026453044	DNMT3A
DNMT3A2_234	GAGCCACCAGAAGGTAAATG	Missense	Inter1	"P424L, P425L"	0.2979321249	DNMT3A
DNMT3A2_178	CACCTGCAGGACCTCGTAGA	Silent	Inter1	None	0.2948012721	DNMT3A
DNMT3A2_319	GCACATTCCTCCAACGAAGA	Missense	ADD	"G512E, M513I"	0.290734927	DNMT3A
DNMT3A2_494	CCCATTCGATCTGGTGATTG	Silent	MTase	None	0.2898998907	DNMT3A
DNMT3A2_209	GAGTGACACTGCCAAGGCCG	Silent	Inter1	None	0.2874993407	DNMT3A
DNMT3A2_466	GTGGGCATGGTGCGGCACCA	Silent	MTase	None	0.2858902589	DNMT3A
DNMT3A2_594	GGAGCATGGCAGGATAGCCA	Missense	MTase	H821Y	0.282079286	DNMT3A
DNMT3A2_027	ATTCTCCTTTGTAGGGATCC	Intron	Intron	None	0.2806187411	DNMT3A
DNMT3A2_526	CCTGCATGATGCGCGGCCCA	Missense	MTase	H739Y	0.2804199252	DNMT3A
DNMT3A2_012	GTCTCCCCGGGGCTCCGTCC	Intron	Intron	None	0.2797881473	DNMT3A
DNMT3A2_110	CCTTGGGGCTCCAGGACGGC	No Mutation	Intron	None	0.278167496	DNMT3A
DNMT3A2_307	CCACAGGAGATGCAGATGTC	Missense	ADD	C497Y	0.276820887	DNMT3A
DNMT3A2_421	TTCCTCTTCTCAGCTGGGAC	Missense	Inter2	R631K	0.2767345193	DNMT3A
DNMT3A2_263	GAGCACAGCGGAGAAGCCCA	Missense	Inter1	T461I	0.2750377969	DNMT3A
DNMT3A2_629	TGGGGGAGAAAAGGCAGAGA	No Mutation	Intron	None	0.2699071145	DNMT3A
DNMT3A2_569	AACAGGTTGGTGAAAGCTCC	No Mutation	MTase	None	0.264498451	DNMT3A
DNMT3A2_193	ACCTGGAGGGTGACACGCCA	No Mutation	Intron	None	0.261568018	DNMT3A
DNMT3A2_600	GCGTCTAGAACCTCTGCTGG	Intron	Intron	None	0.2606849579	DNMT3A
DNMT3A2_383	CCCTGGAACTGCTACATGTG	No Mutation	ADD	None	0.2593203451	DNMT3A
DNMT3A2_378	GGTCTTCCTTAATGGCTGCC	Missense	ADD	"E578K, D579N"	0.2587425287	DNMT3A
DNMT3A2_156	GGTTTGGCAGTAGCCTGGGG	Intron	Intron	None	0.2577494468	DNMT3A
DNMT3A2_320	GGCACATTCCTCCAACGAAG	Missense	ADD	M513I	0.2512984276	DNMT3A
DNMT3A2_518	GCCAGTGCCCTCTGAGAGGT	Missense	MTase	G726D	0.2499860395	DNMT3A
DNMT3A2_142	AGCAGCTGAAGGCACCCGCT	Missense	PWWP	A322V	0.2460735887	DNMT3A
DNMT3A2_455	GGACCGCTACATTGCCTCGG	Missense	MTase	R659C	0.2403311709	DNMT3A
DNMT3A2_495	CCCCCAATCACCAGATCGAA	Missense	MTase	G706K	0.2352668616	DNMT3A
DNMT3A2_559	ACACAGGGCCCGCTACTTCT	Silent	MTase	None	0.2341465084	DNMT3A
DNMT3A2_582	CTGTGGGCTGGGACTGCAGG	Intron	Intron	None	0.2317681925	DNMT3A
DNMT3A2_277	GGGAGGAGAGCTGGCGTCAG	No Mutation	Intron	None	0.230532107	DNMT3A
DNMT3A2_125	GCTGGTGTGGGGGAAACTGC	No Mutation	PWWP	None	0.2293259897	DNMT3A
DNMT3A2_618	TATGGTGCACTGAAATGGAA	Silent	MTase	None	0.2274323393	DNMT3A
DNMT3A2_427	AAAGAGAGACAGCACCCGGA	No Mutation	MTase	None	0.2268106536	DNMT3A
DNMT3A2_214	GAACAAGCCCATGATTGAAT	Missense	Inter1	P405S	0.2253414122	DNMT3A
DNMT3A2_081	GGCTACCACGCCTGAGCCCG	Missense	Nterm	T260I	0.2235130448	DNMT3A
DNMT3A2_201	AGGTGGCCAGCAGCCGCGCG	Missense	Inter1	A376V	0.2228423803	DNMT3A
DNMT3A2_228	GCCTTCTGGCCCTAAGGGCC	Missense	Inter1	S417F	0.2208854311	DNMT3A
DNMT3A2_083	CTACCACGCCTGAGCCCGTG	Missense	Nterm	"T260I, T261M"	0.2194714216	DNMT3A
DNMT3A2_519	ACCTCTCAGAGGGCACTGGC	Intron	Intron	None	0.2187734782	DNMT3A
DNMT3A2_255	GGACATGTGGGTGGAACCTG	Silent	Inter1	None	0.2181905354	DNMT3A
DNMT3A2_504	CCGTAGAGGCCCTTGCGAGC	No Mutation	MTase	None	0.2174826595	DNMT3A
DNMT3A2_632	CTGGGAAACCAAATACCCTG	No Mutation	MTase	None	0.2141058919	DNMT3A
DNMT3A2_329	GCCTCAACGGCACCTCTCCT	Intron	Intron	None	0.2110073058	DNMT3A
DNMT3A2_350	TTCCGCACATGAGCACCTCA	Missense	ADD	"M548I, C549Y, G550R"	0.2109485456	DNMT3A
DNMT3A2_005	AGGAACCTACCCATAAGGCC	Intron	Intron	None	0.2097709175	DNMT3A
DNMT3A2_472	CATGCTTCTGTGTGACGCTG	Silent	MTase	None	0.205404348	DNMT3A
DNMT3A2_019	CCCCGCCCCCGGTCTCCCCG	Intron	Intron	None	0.2012523238	DNMT3A
DNMT3A2_508	GCTGAGAAGGTGGAGGGGAC	No Mutation	Intron	None	0.2005300864	DNMT3A
DNMT3A2_429	CGGGTGCTGTCTCTCTTTGA	Silent	MTase	None	0.1998212177	DNMT3A
DNMT3A2_273	GTGCCACCCTCTCCAGAAGC	Intron	Intron	None	0.1994940356	DNMT3A
DNMT3A2_439	GGTGCTGGCCGCCTTGTCCC	Intron	Intron	None	0.1973690599	DNMT3A
DNMT3A2_008	CTTATGGGTAGGTTCCTGGA	No Mutation	Nterm	None	0.1953709423	DNMT3A
DNMT3A2_139	TGCCTTCAGCTGCTCGGCTC	Missense	PWWP	"E323K, G324S"	0.1931260774	DNMT3A
DNMT3A2_148	CGGAGACGGCAAATTCTCAG	Silent	PWWP	None	0.1922146551	DNMT3A
DNMT3A2_058	TGGAAGAAAACCAGGGGCCC	No Mutation	Nterm	None	0.1911016243	DNMT3A
DNMT3A2_261	CTTCTCCGCTGTGCTCTTCC	Missense	Inter1	E463K	0.1874208449	DNMT3A
DNMT3A2_064	CTCCACCTTCTGAGACTCCC	Missense	Nterm	V239I	0.1867675313	DNMT3A
DNMT3A2_598	CAGCGTCTAGAACCTCTGCT	Intron	Intron	None	0.1861982323	DNMT3A
DNMT3A2_296	CTGGCACTCCTAGTGTGGCA	Intron	Intron	None	0.1842172399	DNMT3A
DNMT3A2_323	GTGCTCCTACCTTGCAGTTT	Intron	Intron	None	0.1837326017	DNMT3A
DNMT3A2_294	CTAGGAGTGCCAGAGTTCCC	No Mutation	Intron	None	0.1832880231	DNMT3A
DNMT3A2_627	GAGAAAAGGCAGAGAGGGCA	No Mutation	Intron	None	0.1783394751	DNMT3A
DNMT3A2_442	GGCCGCCTTGTCCCAGGATG	Intron	Intron	None	0.1782441173	DNMT3A
DNMT3A2_500	CTTGCGAGCAGGGTTGACGA	Missense	MTase	R720H	0.1774696305	DNMT3A
DNMT3A2_451	TGCCCAAGTCCTTCAGCACC	Missense	MTase	G654S	0.1769344899	DNMT3A
DNMT3A2_121	TGGCATTGGGGAGCTGGTGT	Silent	PWWP	None	0.1735393689	DNMT3A
DNMT3A2_324	AGGTAGGAGCACACCCACCC	No Mutation	Intron	None	0.1727748127	DNMT3A
DNMT3A2_509	GTCCCCTCCACCTTCTCAGC	Intron	Intron	None	0.1722462951	DNMT3A
DNMT3A2_063	TCCACCTTCTGAGACTCCCC	Missense	Nterm	V239M	0.1721338232	DNMT3A
DNMT3A2_558	CACACAGGGCCCGCTACTTC	Silent	MTase	None	0.1718486741	DNMT3A
DNMT3A2_173	TAGATGGCTTTGCGGTACAT	Missense	Inter1	A368T	0.1686031493	DNMT3A
DNMT3A2_624	AGCCAGATGCCAGCACAACC	Intron	Intron	None	0.1685200541	DNMT3A
DNMT3A2_211	GTTCTGCACCTCCACGGCCT	Silent	Inter1	None	0.1678201416	DNMT3A
DNMT3A2_185	CCCTGCTGGGAGCTCGGAGG	Intron	Intron	None	0.1670791603	DNMT3A
DNMT3A2_104	CCGTGGCCAGCTCTTTCCGG	Intron	Intron	None	0.1647912311	DNMT3A
DNMT3A2_538	TTTGAGAATGTGGTGGCCAT	No Mutation	MTase	None	0.1646492688	DNMT3A
DNMT3A2_166	AGCTTCTCAACACACACCTG	Missense	PWWP	E342K	0.1640637645	DNMT3A
DNMT3A2_062	GCCCGGGGAGTCTCAGAAGG	Silent	Nterm	None	0.1638551435	DNMT3A
DNMT3A2_394	TGCTGCGGCGGCGAGAGGAC	Missense	ADD	R596W	0.1634011889	DNMT3A
DNMT3A2_655	GCGTGTGTGTAAGGGACATG	No Mutation	MTase	None	0.1611985074	DNMT3A
DNMT3A2_293	AGTTTGTTGCCTGGGAACTC	No Mutation	Intron	None	0.1588712033	DNMT3A
DNMT3A2_376	GGCTGCCCAGGCAGCCATTA	Nonsense	ADD	"A572V, Q573*"	0.1581188921	DNMT3A
DNMT3A2_603	AGAACCTCTGCTGGGGGGCA	Intron	Intron	None	0.1578430655	DNMT3A
DNMT3A2_602	TAGAACCTCTGCTGGGGGGC	Intron	Intron	None	0.1572926004	DNMT3A
DNMT3A2_514	TGCGGAAGCACCAGCTGAGA	No Mutation	Intron	None	0.1569736906	DNMT3A
DNMT3A2_218	CCCCAGGGCCCATTCAATCA	Silent	Inter1	None	0.1546806017	DNMT3A
DNMT3A2_641	GCAGTCTCTGCCTCGCCAAG	Missense	MTase	R887K	0.1539004145	DNMT3A
DNMT3A2_143	AAGGCACCCGCTGGGTCATG	Missense	PWWP	T325I	0.153791448	DNMT3A
DNMT3A2_246	GGATTCTTCTCTTCTGGAGG	Silent	Inter1	None	0.1520918957	DNMT3A
DNMT3A2_116	ACGGCCGGGGCTTTGGCATT	Missense	Nterm	R288W	0.1520165095	DNMT3A
DNMT3A2_092	GACAAGAATGCCACCAAAGC	No Mutation	Nterm	None	0.1496861144	DNMT3A
DNMT3A2_505	CCTGCTCGCAAGGGCCTCTA	Missense	MTase	"A719V, R720C"	0.1470608656	DNMT3A
DNMT3A2_544	TATAGCCAGCAACCTTGGTT	Intron	Intron	None	0.1459293411	DNMT3A
DNMT3A2_528	CATGATGCGCGGCCCAAGGA	Missense	MTase	A741V	0.1456344702	DNMT3A
DNMT3A2_628	GGAGAAAAGGCAGAGAGGGC	No Mutation	Intron	None	0.1437478907	DNMT3A
DNMT3A2_492	GCCCATTCGATCTGGTGATT	Missense	MTase	P700L	0.1426974579	DNMT3A
DNMT3A2_055	AATGCTGTGGAAGAAAACCA	Missense	Nterm	A226V	0.1423635316	DNMT3A
DNMT3A2_200	CAGGTGGCCAGCAGCCGCGC	Missense	Inter1	A376V	0.1409582583	DNMT3A
DNMT3A2_493	CCCCAATCACCAGATCGAAT	Missense	MTase	G706R	0.140087524	DNMT3A
DNMT3A2_112	TTGGGGCTCCAGGACGGCCG	Intron	Intron	None	0.1395166077	DNMT3A
DNMT3A2_221	ATGATTGAATGGGCCCTGGG	No Mutation	Inter1	None	0.1393836628	DNMT3A
DNMT3A2_003	GGGGCTGCACCTGGCCTTAT	Intron	UTR	None	0.1371737474	DNMT3A
DNMT3A2_617	CATCTTATGGTGCACTGAAA	Silent	MTase	None	0.1324471979	DNMT3A
DNMT3A2_180	CTGCAGGTGAGTGTCCCTGC	Nonsense	Inter1	Q374*	0.1324083429	DNMT3A
DNMT3A2_570	ACAGGTTGGTGAAAGCTCCT	No Mutation	MTase	None	0.1315470576	DNMT3A
DNMT3A2_418	TCTTCTCAGCTGGGACAGGT	Missense	Inter2	E629K	0.1299795814	DNMT3A
DNMT3A2_282	TACACCAGCCGCTCTGCAAG	Missense	Inter1	V480M	0.1296696	DNMT3A
DNMT3A2_126	CTGGTGTGGGGGAAACTGCG	No Mutation	PWWP	None	0.1276393864	DNMT3A
DNMT3A2_379	CAGCCATTAAGGAAGACCCC	Missense	ADD	A575V	0.1271623825	DNMT3A
DNMT3A2_049	CCTTGGCTTTCTTCTCAGCC	Missense	Nterm	A218T	0.1264331431	DNMT3A
DNMT3A2_506	CTCGCAAGGGCCTCTACGGT	Silent	MTase	None	0.1264066203	DNMT3A
DNMT3A2_405	GCCCAGCACTCACAAATTCC	Intron	Intron	None	0.1260109778	DNMT3A
DNMT3A2_393	CGGGCTGCTGCGGCGGCGAG	Silent	ADD	None	0.1253239323	DNMT3A
DNMT3A2_440	CTGGCCGCCTTGTCCCAGGA	Intron	Intron	None	0.124720746	DNMT3A
DNMT3A2_194	CACCTGGAGGGTGACACGCC	Splice Site	Splice Site	None	0.1244865093	DNMT3A
DNMT3A2_057	GTGGAAGAAAACCAGGGGCC	No Mutation	Nterm	None	0.1244140501	DNMT3A
DNMT3A2_620	ACTGAAATGGAAAGGTACCC	No Mutation	MTase	None	0.1218528196	DNMT3A
DNMT3A2_358	GGCCCAGCTAAGGAGACCAC	Intron	Intron	None	0.1199396237	DNMT3A
DNMT3A2_053	CATTGCAGGAATGAATGCTG	Missense	Nterm	A222V	0.1171742396	DNMT3A
DNMT3A2_371	TGGACCTCTTGGTGGGGCCG	Missense	ADD	L565F	0.115934682	DNMT3A
DNMT3A2_590	GAATGATAAGCTGGAGCTGC	No Mutation	MTase	None	0.1159183697	DNMT3A
DNMT3A2_007	CGTCCAGGAACCTACCCATA	Intron	Intron	None	0.1143150554	DNMT3A
DNMT3A2_184	CCTCCTCCGAGCTCCCAGCA	Intron	Intron	None	0.1141158856	DNMT3A
DNMT3A2_392	TCGCCGCCGCAGCAGCCCGT	Missense	ADD	"R596Q, R597Q"	0.1140154223	DNMT3A
DNMT3A2_411	GGCGCGGTCTCGAGCTCCCT	Intron	Intron	None	0.1121017641	DNMT3A
DNMT3A2_348	CATCTGCTGTGGGGGCCGTG	Silent	ADD	None	0.1119155023	DNMT3A
DNMT3A2_362	TGCTCACTGGGTCTCCTTCC	Intron	Intron	None	0.1111309096	DNMT3A
DNMT3A2_551	ACAGGGTTGGACTACAAAAC	No Mutation	MTase	None	0.1101154515	DNMT3A
DNMT3A2_054	GAATGCTGTGGAAGAAAACC	Missense	Nterm	A226V	0.106150068	DNMT3A
DNMT3A2_102	GCCGTGGCCAGCTCTTTCCG	Intron	Intron	None	0.1057292352	DNMT3A
DNMT3A2_242	TTCTGGGACCCCTGCCCGCC	No Mutation	Intron	None	0.1037120234	DNMT3A
DNMT3A2_354	GAGGCTGTTGTGGCCTCCAG	Intron	Intron	None	0.1034109455	DNMT3A
DNMT3A2_648	TCAGCGGAGCGAAGAGGTGG	Silent	MTase	None	0.1017563437	DNMT3A
DNMT3A2_435	GTGAGGGGTGCAGGCCCAAG	No Mutation	Intron	None	0.1012987751	DNMT3A
DNMT3A2_436	GGTGCAGGCCCAAGAGGTGC	Intron	Intron	None	0.09874871057	DNMT3A
DNMT3A2_212	GGGCTTGTTCTGCACCTCCA	Silent	Inter1	None	0.09872213806	DNMT3A
DNMT3A2_430	CTCTTTGATGGAATCGCTAC	No Mutation	MTase	None	0.09823269402	DNMT3A
DNMT3A2_101	AGCCGTGGCCAGCTCTTTCC	Intron	Intron	None	0.09710911907	DNMT3A
DNMT3A2_158	TTTGGCAGTAGCCTGGGGTG	Intron	Intron	None	0.09600984022	DNMT3A
DNMT3A2_646	TGACTGGCACGCTCCATGAC	Missense	MTase	V897I	0.09526569729	DNMT3A
DNMT3A2_030	CTTTGTAGGGATCCTGGAGC	No Mutation	Intron	None	0.0946946009	DNMT3A
DNMT3A2_445	TGCTGTCTGCTGGCTGGTGC	Intron	Intron	None	0.09348067611	DNMT3A
DNMT3A2_626	GCTGGCATCTGGCTGCGGTG	Intron	Intron	None	0.09333114189	DNMT3A
DNMT3A2_117	CGGCCGGGGCTTTGGCATTG	Missense	Nterm	R288W	0.09298596208	DNMT3A
DNMT3A2_484	ATCCTCCCAGATCCAGGAGT	Intron	Intron	None	0.09265695459	DNMT3A
DNMT3A2_163	CACACCTGGGGGGACAAGCC	Splice Site	Splice Site	V339M	0.09255182386	DNMT3A
DNMT3A2_195	CTGGCGTGTCACCCTCCAGG	Intron	Intron	None	0.09189294131	DNMT3A
DNMT3A2_465	GGTGGGCATGGTGCGGCACC	Silent	MTase	None	0.0917870908	DNMT3A
DNMT3A2_119	GGGCTTTGGCATTGGGGAGC	Silent	Nterm	None	0.09125574081	DNMT3A
DNMT3A2_023	CGGGGAGACCGGGGGCGGGG	No Mutation	Intron	None	0.09095781561	DNMT3A
DNMT3A2_410	GGAGCTCGAGACCGCGCCCC	Intron	Intron	None	0.09085626499	DNMT3A
DNMT3A2_531	GAGATGATCGCCCCTTCTTC	No Mutation	MTase	None	0.09003320529	DNMT3A
DNMT3A2_153	TGTGGGGTTTGGCAGTAGCC	No Mutation	Intron	None	0.08978762239	DNMT3A
DNMT3A2_574	GTGAAAGCTCCTGGGCCTGG	Intron	Intron	None	0.08871582087	DNMT3A
DNMT3A2_473	AAGCATGTATGTCCATGCTG	Missense	MTase	H694Y	0.08814773372	DNMT3A
DNMT3A2_540	CCATGGGCGTTAGTGACAAG	Silent	MTase	None	0.0880745349	DNMT3A
DNMT3A2_441	TGGCCGCCTTGTCCCAGGAT	Intron	Intron	None	0.08675018501	DNMT3A
DNMT3A2_074	TAGCCACAGTGGGGGATGCG	Missense	Nterm	"V258I, A259T"	0.08436043467	DNMT3A
DNMT3A2_374	GGTGGGGCCGGGGGCTGCCC	Missense	ADD	P569S	0.08419224623	DNMT3A
DNMT3A2_120	TTGGCATTGGGGAGCTGGTG	Silent	PWWP	None	0.08392442356	DNMT3A
DNMT3A2_215	GCCCATGATTGAATGGGCCC	Silent	Inter1	None	0.08241615579	DNMT3A
DNMT3A2_020	CCCCGGGGAGACCGGGGGCG	Intron	Intron	None	0.08214088739	DNMT3A
DNMT3A2_642	CTTGGCGAGGCAGAGACTGC	Missense	MTase	A884V	0.08213685721	DNMT3A
DNMT3A2_061	GGGGCCCGGGGAGTCTCAGA	Missense	Nterm	P233F	0.08181602678	DNMT3A
DNMT3A2_001	GACTGCAGAGGGGCTGCACC	Intron	UTR	None	0.08157883856	DNMT3A
DNMT3A2_091	GGCATTCTTGTCCCCAGCAT	Silent	Nterm	None	0.08089324973	DNMT3A
DNMT3A2_621	GAAAGGTACCCGGGTTGTGC	No Mutation	MTase	None	0.0804232249	DNMT3A
DNMT3A2_585	GTGGATGCCAACGGCCTAGG	Missense	MTase	A806T	0.07901090754	DNMT3A
DNMT3A2_181	TGCAGGTGAGTGTCCCTGCT	No Mutation	Inter1	None	0.07731690007	DNMT3A
DNMT3A2_259	AAAGCCCCGGAAGAGCACAG	Missense	Inter1	"P457F, R458W"	0.07539018885	DNMT3A
DNMT3A2_127	GGAAACTGCGGGGCTTCTCC	Silent	PWWP	None	0.07523318231	DNMT3A
DNMT3A2_498	GACGATGGAGAGGTCATTGC	No Mutation	MTase	None	0.07490268534	DNMT3A
DNMT3A2_420	CACCTGTCCCAGCTGAGAAG	Missense	Inter2	P625L	0.07466979867	DNMT3A
DNMT3A2_360	GGGAGCCTGGGGCCCAGCTA	Intron	Intron	None	0.07450429125	DNMT3A
DNMT3A2_077	AGGCGTGGTAGCCACAGTGG	Silent	Nterm	None	0.0723995803	DNMT3A
DNMT3A2_002	AGGGGCTGCACCTGGCCTTA	Intron	UTR	None	0.0720484109	DNMT3A
DNMT3A2_512	AGCACCAGCTGAGAAGGTGG	Intron	Intron	None	0.07163169235	DNMT3A
DNMT3A2_248	TTGTAGGGATTCTTCTCTTC	No Mutation	Inter1	None	0.07081204753	DNMT3A
DNMT3A2_485	TCCTCCCAGATCCAGGAGTG	Intron	Intron	None	0.07078273575	DNMT3A
DNMT3A2_345	CTACTGCACCATCTGCTGTG	Silent	ADD	None	0.06982955836	DNMT3A
DNMT3A2_327	TCAACGGCACCTCTCCTGGG	Intron	Intron	None	0.06954676385	DNMT3A
DNMT3A2_099	CGGAAAGAGCTGGCCACGGC	No Mutation	Intron	None	0.06939716161	DNMT3A
DNMT3A2_011	GGTTCCTGGACGGAGCCCCG	Intron	Intron	None	0.06733946718	DNMT3A
DNMT3A2_314	CAACGAAGAGGGGGTGTTCC	Missense	ADD	V510I	0.06622686066	DNMT3A
DNMT3A2_071	GTGGGGGATGCGGGGTCAGT	No Mutation	Nterm	None	0.06491914862	DNMT3A
DNMT3A2_483	TATCCTCCCAGATCCAGGAG	Intron	Intron	None	0.06439623174	DNMT3A
DNMT3A2_295	GAACTCTGGCACTCCTAGTG	Intron	Intron	None	0.063565018	DNMT3A
DNMT3A2_203	CCGGGAACAGCTTCCCCGCG	Silent	Inter1	None	0.06216040095	DNMT3A
DNMT3A2_230	CTGGTGGCTCCAGGCCCTTA	Silent	Inter1	None	0.06018694164	DNMT3A
DNMT3A2_548	GGTAGAAGCCATTAGTGAGC	No Mutation	Intron	None	0.05705301113	DNMT3A
DNMT3A2_501	CATCGTCAACCCTGCTCGCA	Silent	MTase	None	0.05638157239	DNMT3A
DNMT3A2_111	CTTGGGGCTCCAGGACGGCC	Intron	Intron	None	0.05451699587	DNMT3A
DNMT3A2_380	GTTCCAGGGGTCTTCCTTAA	Nonsense	ADD	W581*	0.05431369741	DNMT3A
DNMT3A2_580	GTCCCAGCCCACAGCCCCCC	Intron	Intron	None	0.05343663007	DNMT3A
DNMT3A2_035	TGTGAGAAGGAATGGGCGCG	No Mutation	Nterm	None	0.0531202592	DNMT3A
DNMT3A2_024	GGAGACCGGGGGCGGGGAGG	Intron	Intron	None	0.05302707309	DNMT3A
DNMT3A2_094	TGGCTCGTCATCGCCTGCTT	Missense	Nterm	E281K	0.05264236111	DNMT3A
DNMT3A2_254	AGTGTACACGGACATGTGGG	Silent	Inter1	None	0.05104152391	DNMT3A
DNMT3A2_391	GTACCTACGGGCTGCTGCGG	Missense	ADD	T591I	0.05103190078	DNMT3A
DNMT3A2_130	CACAATGCGGCCTGGCCACC	Missense	PWWP	R309H	0.05100243598	DNMT3A
DNMT3A2_545	GCTGGCCAAACCAAGGTTGC	Intron	Intron	None	0.05069935128	DNMT3A
DNMT3A2_470	AGGGGAAGATCATGTACGTC	No Mutation	MTase	None	0.05058272764	DNMT3A
DNMT3A2_196	GCGGCTGCTGGCCACCTGGA	Missense	Inter1	"S377N, S378N"	0.05000488387	DNMT3A
DNMT3A2_105	GGAAGGCCCCCGGAAAGAGC	Intron	Intron	None	0.04978975881	DNMT3A
DNMT3A2_525	CCTTGGGCCGCGCATCATGC	Silent	MTase	None	0.04958280561	DNMT3A
DNMT3A2_220	CATGATTGAATGGGCCCTGG	No Mutation	Inter1	None	0.0488375979	DNMT3A
DNMT3A2_183	TGTCCCTGCTGGGAGCTCGG	Intron	Intron	None	0.04853431541	DNMT3A
DNMT3A2_076	GGTAGCCACAGTGGGGGATG	Missense	Nterm	A259T	0.04782750909	DNMT3A
DNMT3A2_554	TCTTTGGCATCAATCATCAC	Missense	MTase	A782T	0.04738161894	DNMT3A
DNMT3A2_622	ACCCGGGTTGTGCTGGCATC	Intron	Intron	None	0.04696877704	DNMT3A
DNMT3A2_375	ATGGCTGCCTGGGCAGCCCC	Missense	ADD	"A574T, A575T"	0.04562604365	DNMT3A
DNMT3A2_106	GTAATGATTTCTGCTCCTTG	No Mutation	Intron	None	0.04509234072	DNMT3A
DNMT3A2_190	GAGGGTGACACGCCAGGGTT	No Mutation	Intron	None	0.04476362403	DNMT3A
DNMT3A2_616	ATGAGAAAGAGGACATCTTA	No Mutation	MTase	None	0.04469670765	DNMT3A
DNMT3A2_059	GGAAGAAAACCAGGGGCCCG	No Mutation	Nterm	None	0.04446714273	DNMT3A
DNMT3A2_187	GAGGAGGAGCCTAGAGCACT	No Mutation	Intron	None	0.04390402195	DNMT3A
DNMT3A2_298	GGCACTCCTAGTGTGGCATG	Intron	Intron	None	0.04389887501	DNMT3A
DNMT3A2_608	AAGTGAGGACCATTACTACG	No Mutation	MTase	None	0.04340381657	DNMT3A
DNMT3A2_159	TTGGCAGTAGCCTGGGGTGG	Intron	Intron	None	0.04222409592	DNMT3A
DNMT3A2_607	TCATCTAGTTCAGCAAAGTG	Intron	Intron	None	0.04214131284	DNMT3A
DNMT3A2_468	CGACGTACATGATCTTCCCC	Missense	MTase	"M682I, V684I"	0.04209296998	DNMT3A
DNMT3A2_403	GACCAGGAATTTGTGAGTGC	Nonsense	Inter2	Q615*	0.04202963288	DNMT3A
DNMT3A2_114	TGCCAAAGCCCCGGCCGTCC	Missense	Nterm	G291S	0.04124643796	DNMT3A
DNMT3A2_516	TTCTCTTCCGACCTCTCAGA	Intron	Intron	None	0.04059342691	DNMT3A
DNMT3A2_087	AGCCCGTGGGGTCCGATGCT	Missense	Nterm	P264L	0.03880189671	DNMT3A
DNMT3A2_549	CTCACTAATGGCTTCTACCT	Intron	Intron	None	0.03735613809	DNMT3A
DNMT3A2_613	TCATGAAGACAGGAAAATGC	No Mutation	MTase	None	0.03707871484	DNMT3A
DNMT3A2_138	GGCCGGAGCCGAGCAGCTGA	Missense	PWWP	R318W	0.03635854465	DNMT3A
DNMT3A2_459	GGTGTGTGAGGACTCCATCA	No Mutation	MTase	None	0.03576064243	DNMT3A
DNMT3A2_325	GGAGCACACCCACCCAGGAG	Intron	Intron	None	0.03567294634	DNMT3A
DNMT3A2_096	GAGCCAGAGTACGAGGTGAG	Missense	Nterm	P282L	0.0355762949	DNMT3A
DNMT3A2_238	AATGAGGGCACCCAGCTTTC	No Mutation	Intron	None	0.03397743207	DNMT3A
DNMT3A2_197	CGCGGCTGCTGGCCACCTGG	Missense	Inter1	S378N	0.03356908021	DNMT3A
DNMT3A2_543	CGAGGTATAGCCAGCAACCT	No Mutation	MTase	None	0.03345303697	DNMT3A
DNMT3A2_446	GCTGTCTGCTGGCTGGTGCA	Intron	Intron	None	0.03313053753	DNMT3A
DNMT3A2_527	GCATGATGCGCGGCCCAAGG	No Mutation	MTase	None	0.03164965666	DNMT3A
DNMT3A2_586	ACAGTGGATGCCAACGGCCT	No Mutation	MTase	None	0.03143598104	DNMT3A
DNMT3A2_239	ATGAGGGCACCCAGCTTTCT	Intron	Intron	None	0.0309607134	DNMT3A
DNMT3A2_423	ATGGGCTTCCTCTTCTCAGC	Silent	Inter2	None	0.03072832102	DNMT3A
DNMT3A2_265	TCAATAATCTCCTTGACCTT	No Mutation	Inter1	None	0.02980771043	DNMT3A
DNMT3A2_308	CCAGACATCTGCATCTCCTG	Silent	ADD	None	0.02964645283	DNMT3A
DNMT3A2_129	CGGGGCTTCTCCTGGTGGCC	Silent	PWWP	None	0.0286346122	DNMT3A
DNMT3A2_351	GCGGAAACAACAACTGCTGC	Silent	ADD	None	0.02814360494	DNMT3A
DNMT3A2_162	AAGGCCTGGCTTGTCCCCCC	Intron	Intron	None	0.02805922655	DNMT3A
DNMT3A2_431	TGATGGAATCGCTACAGGTG	No Mutation	MTase	None	0.02627395212	DNMT3A
DNMT3A2_387	TGCTACATGTGCGGGCACAA	Silent	ADD	None	0.02425332736	DNMT3A
DNMT3A2_182	GAGTGTCCCTGCTGGGAGCT	Intron	Intron	None	0.02323830448	DNMT3A
DNMT3A2_276	CACCAGGAGGCCTGCATCCG	Intron	Intron	None	0.02299453577	DNMT3A
DNMT3A2_198	CCGCGCGGCTGCTGGCCACC	Missense	Inter1	"R379H, A380T"	0.0212398723	DNMT3A
DNMT3A2_177	AGCCATCTACGAGGTCCTGC	Silent	Inter1	None	0.0212375061	DNMT3A
DNMT3A2_321	AGGAATGTGCCAAAACTGCA	No Mutation	ADD	None	0.02076406538	DNMT3A
DNMT3A2_072	AGTGGGGGATGCGGGGTCAG	No Mutation	Nterm	None	0.02030278819	DNMT3A
DNMT3A2_170	GCTTGTTGTACGTGGCCTGG	No Mutation	Inter1	None	0.01988904873	DNMT3A
DNMT3A2_292	TGAGGGTAAGTTTGTTGCCT	No Mutation	ADD	None	0.01915469507	DNMT3A
DNMT3A2_275	CTGGAGAGGGTGGCACCAGG	No Mutation	Intron	None	0.01817700499	DNMT3A
DNMT3A2_397	GAAGAACATCTGGAGCCGGG	Missense	ADD	M607I	0.01817298221	DNMT3A
DNMT3A2_332	TGCCGTTGAGGCCGGCCCTT	Intron	Intron	None	0.01792638205	DNMT3A
DNMT3A2_100	CAGCCGTGGCCAGCTCTTTC	Intron	Intron	None	0.01748840467	DNMT3A
DNMT3A2_370	GTGGACCTCTTGGTGGGGCC	Missense	ADD	L565F	0.01625452684	DNMT3A
DNMT3A2_406	GAATTTGTGAGTGCTGGGCC	No Mutation	Inter2	None	0.0158112286	DNMT3A
DNMT3A2_204	CCGCGCGGGGAAGCTGTTCC	Missense	Inter1	A380V	0.01555729993	DNMT3A
DNMT3A2_328	ACCCAGGAGAGGTGCCGTTG	Intron	Intron	None	0.01380640734	DNMT3A
DNMT3A2_571	TTGGTGAAAGCTCCTGGGCC	No Mutation	Intron	None	0.01361696342	DNMT3A
DNMT3A2_581	GGGCTGTGGGCTGGGACTGC	Intron	Intron	None	0.01313469751	DNMT3A
DNMT3A2_425	TGAGAAGAGGAAGCCCATCC	No Mutation	Inter2	None	0.01304569378	DNMT3A
DNMT3A2_415	CAGGTGGGTAAACCTTTGGA	No Mutation	Inter2	None	0.01272044996	DNMT3A
DNMT3A2_199	CCAGGTGGCCAGCAGCCGCG	No Mutation	Inter1	None	0.01235362488	DNMT3A
DNMT3A2_579	GGCCTGGGGGGCTGTGGGCT	Intron	Intron	None	0.01227265181	DNMT3A
DNMT3A2_090	GTCCCCAGCATCGGACCCCA	Missense	Nterm	G270K	0.01166842344	DNMT3A
DNMT3A2_108	TGCTCCTTGGGGCTCCAGGA	Intron	Intron	None	0.01148935849	DNMT3A
DNMT3A2_471	GGGGAAGATCATGTACGTCG	No Mutation	MTase	None	0.01148338838	DNMT3A
DNMT3A2_042	AAGGATGGAGGCTGTGCAAT	No Mutation	Intron	None	0.009744247005	DNMT3A
DNMT3A2_241	GGGCAGGGGTCCCAGAAAGC	Intron	Intron	None	0.009647971848	DNMT3A
DNMT3A2_144	ACCCGCTGGGTCATGTGGTT	Missense	PWWP	R326C	0.008722611873	DNMT3A
DNMT3A2_069	GTGGGCTGCTGCACAGCAGG	Silent	Nterm	None	0.008180554968	DNMT3A
DNMT3A2_347	CTCACGGCCCCCACAGCAGA	Missense	ADD	"G543D, R544H"	0.008112437667	DNMT3A
DNMT3A2_331	AGGAGAGGTGCCGTTGAGGC	No Mutation	Intron	None	0.007804851926	DNMT3A
DNMT3A2_578	GGGCCTGGGGGGCTGTGGGC	Intron	Intron	None	0.006805497805	DNMT3A
DNMT3A2_222	AGAAGGCTGGAAGCCCCCCA	Silent	Inter1	None	0.005528464406	DNMT3A
DNMT3A2_356	CCTCCAGTGGTCTCCTTAGC	Intron	Intron	None	0.004913681652	DNMT3A
DNMT3A2_510	CACCAGCTGAGAAGGTGGAG	Intron	Intron	None	0.004547009191	DNMT3A
DNMT3A2_553	CTTTGGCATCAATCATCACA	Missense	MTase	A782T	0.004308307077	DNMT3A
DNMT3A2_404	ACCAGGAATTTGTGAGTGCT	No Mutation	Inter2	None	0.003687818148	DNMT3A
DNMT3A2_645	AGAGACTGCTGGGCCGGTCA	Silent	MTase	None	6.53E-05	DNMT3A
DNMT3A2_478	AGTGTGCAGGGAGGGGAAGA	Intron	Intron	None	-0.0003285327547	DNMT3A
DNMT3A2_216	CCCAGGGCCCATTCAATCAT	Missense	Inter1	A410T	-0.0008615419859	DNMT3A
DNMT3A2_285	TGCAGAGCGGCTGGTGTACG	Missense	Inter1	R478W	-0.0009042917034	DNMT3A
DNMT3A2_326	CAACGGCACCTCTCCTGGGT	Intron	Intron	None	-0.002730211663	DNMT3A
DNMT3A2_419	CTCTTCTCAGCTGGGACAGG	Missense	Inter2	E629K	-0.002811969571	DNMT3A
DNMT3A2_647	GCGAAGAGGTGGCGGATGAC	No Mutation	MTase	None	-0.003614332804	DNMT3A
DNMT3A2_029	CCTTTGTAGGGATCCTGGAG	No Mutation	Intron	None	-0.004217991993	DNMT3A
DNMT3A2_095	CGATGACGAGCCAGAGTACG	Silent	Nterm	None	-0.005108356281	DNMT3A
DNMT3A2_389	GCGGGCACAAGGGTACCTAC	Missense	ADD	H588Y	-0.007361761641	DNMT3A
DNMT3A2_160	CAGTAGCCTGGGGTGGGGGA	Intron	Intron	None	-0.008209410383	DNMT3A
DNMT3A2_226	TTCCAGCCTTCTGGCCCTAA	Nonsense	Inter1	"Q415*, P416F"	-0.009031879931	DNMT3A
DNMT3A2_517	TCCGACCTCTCAGAGGGCAC	Intron	Intron	None	-0.00912917963	DNMT3A
DNMT3A2_454	GGTGGACCGCTACATTGCCT	Missense	MTase	R659C	-0.009280351313	DNMT3A
DNMT3A2_192	ACCCTGGCGTGTCACCCTCC	Intron	Intron	None	-0.01018946371	DNMT3A
DNMT3A2_386	CTGCTACATGTGCGGGCACA	Silent	ADD	None	-0.01173116532	DNMT3A
DNMT3A2_256	GGTGCGTAGGCAGCTGCCTC	Missense	Inter1	A449T	-0.01253682661	DNMT3A
DNMT3A2_219	CCATGATTGAATGGGCCCTG	No Mutation	Inter1	None	-0.01261132596	DNMT3A
DNMT3A2_165	GCTTCTCAACACACACCTGG	Missense	PWWP	E342K	-0.01282927717	DNMT3A
DNMT3A2_412	GAGCTCCCTTGGCTGAGCCT	Intron	Intron	None	-0.01323565286	DNMT3A
DNMT3A2_515	TTTCTCTTCCGACCTCTCAG	Intron	Intron	None	-0.01474727547	DNMT3A
DNMT3A2_079	TCAGGCGTGGTAGCCACAGT	Silent	Nterm	None	-0.01624280834	DNMT3A
DNMT3A2_583	CAGTCTCTCTTCTGCCTCCT	Intron	Intron	None	-0.01655370953	DNMT3A
DNMT3A2_202	CAGCTTCCCCGCGCGGCTGC	Missense	Inter1	G381E	-0.0176244317	DNMT3A
DNMT3A2_085	GCATCGGACCCCACGGGCTC	Missense	Nterm	D268N	-0.01770729013	DNMT3A
DNMT3A2_373	CAGCCCCCGGCCCCACCAAG	Missense	ADD	"G570K, A571T"	-0.01853534808	DNMT3A
DNMT3A2_268	ATGAGCGCACAAGAGGTAGT	Missense	Inter1	R474C	-0.01857398643	DNMT3A
DNMT3A2_205	CATCGCTGTCGTGGCACACC	Missense	Inter1	"S390N, D391N"	-0.01865296298	DNMT3A
DNMT3A2_333	GGCCGAAGGGCCGGCCTCAA	Intron	Intron	None	-0.01875237085	DNMT3A
DNMT3A2_507	CAGGATGGTACCTACCGTAG	No Mutation	Intron	None	-0.01944223324	DNMT3A
DNMT3A2_407	AATTTGTGAGTGCTGGGCCT	No Mutation	Inter2	None	-0.0203575545	DNMT3A
DNMT3A2_060	TCTGAGACTCCCCGGGCCCC	Silent	Nterm	None	-0.02133018559	DNMT3A
DNMT3A2_089	TCCCCAGCATCGGACCCCAC	Missense	Nterm	"A269T, G270K"	-0.02140926586	DNMT3A
DNMT3A2_396	AAGAACATCTGGAGCCGGGA	Missense	ADD	M607I	-0.02184669352	DNMT3A
DNMT3A2_290	CAAACTTACCCTCAATGTTC	Intron	Intron	None	-0.02187302871	DNMT3A
DNMT3A2_038	GACGAGTGTGATACGGTGAA	No Mutation	Nterm	None	-0.02319892747	DNMT3A
DNMT3A2_179	CAGCAGGGACACTCACCTGC	Intron	Intron	None	-0.02336369432	DNMT3A
DNMT3A2_597	CCAGCGTCTAGAACCTCTGC	Intron	Intron	None	-0.02466889899	DNMT3A
DNMT3A2_084	GGACCCCACGGGCTCAGGCG	Missense	Nterm	G266K	-0.02471487491	DNMT3A
DNMT3A2_227	GGCCCTTAGGGCCAGAAGGC	Missense	Inter1	G421S	-0.02668741417	DNMT3A
DNMT3A2_016	CGGAGCCCCGGGGAGACCGG	Intron	Intron	None	-0.02696833345	DNMT3A
DNMT3A2_476	ACGGGCTGCGCCCCACAGCA	Intron	Intron	None	-0.02855776693	DNMT3A
DNMT3A2_025	AGGATTTCATTCTCCTTTGT	Intron	Intron	None	-0.02881021102	DNMT3A
DNMT3A2_416	ACAGGTGGGTAAACCTTTGG	No Mutation	Inter2	None	-0.02882517361	DNMT3A
DNMT3A2_161	CAAGAACCTTCCCCCACCCC	Intron	Intron	None	-0.02953233448	DNMT3A
DNMT3A2_481	GCCTTTATCCTCCCAGATCC	No Mutation	Intron	None	-0.03006439199	DNMT3A
DNMT3A2_056	ATGCTGTGGAAGAAAACCAG	Missense	Nterm	A226V	-0.03109383178	DNMT3A
DNMT3A2_098	AGCGGCTTCTTCACCAGCCG	Intron	Intron	None	-0.03149432565	DNMT3A
DNMT3A2_437	CAAGGCGGCCAGCACCTCTT	Intron	Intron	None	-0.03233160155	DNMT3A
DNMT3A2_589	CTCCAGCTTATCATTCACAG	Silent	MTase	None	-0.03265198134	DNMT3A
DNMT3A2_097	AAGCCGCTCACCTCGTACTC	Intron	Intron	None	-0.03275021204	DNMT3A
DNMT3A2_352	AACAACAACTGCTGCAGGTG	Silent	ADD	None	-0.03402830155	DNMT3A
DNMT3A2_257	GGCTGGTGGAGGTGGTGCGT	No Mutation	Inter1	None	-0.03470127142	DNMT3A
DNMT3A2_601	CGTCTAGAACCTCTGCTGGG	Intron	Intron	None	-0.0354300517	DNMT3A
DNMT3A2_315	CTGGAACACCCCCTCTTCGT	Missense	ADD	H506Y	-0.03631482772	DNMT3A
DNMT3A2_443	GCCGCCTTGTCCCAGGATGG	Intron	Intron	None	-0.03684867564	DNMT3A
DNMT3A2_359	GGTCTCCTTAGCTGGGCCCC	Intron	Intron	None	-0.03722322429	DNMT3A
DNMT3A2_637	TGTTGGAGACGTCAGTATAG	No Mutation	MTase	None	-0.03758199467	DNMT3A
DNMT3A2_088	GCCCGTGGGGTCCGATGCTG	Silent	Nterm	None	-0.03797036691	DNMT3A
DNMT3A2_123	GCATTGGGGAGCTGGTGTGG	No Mutation	PWWP	None	-0.03802702532	DNMT3A
DNMT3A2_643	TTGGCGAGGCAGAGACTGCT	Missense	MTase	A884V	-0.0380733788	DNMT3A
DNMT3A2_223	CAGAAGGCTGGAAGCCCCCC	Silent	Inter1	None	-0.03821369215	DNMT3A
DNMT3A2_017	AGCCCCGGGGAGACCGGGGG	Intron	Intron	None	-0.03884506109	DNMT3A
DNMT3A2_280	TCCTCCCCTTGCAGAGCGGC	Intron	Intron	None	-0.03977216162	DNMT3A
DNMT3A2_279	GCTCTCCTCCCCTTGCAGAG	Intron	Intron	None	-0.04091668615	DNMT3A
DNMT3A2_067	CTGCTGCACAGCAGGAGGGC	Silent	Nterm	None	-0.04180351581	DNMT3A
DNMT3A2_309	CAGACATCTGCATCTCCTGT	Silent	ADD	None	-0.04379439779	DNMT3A
DNMT3A2_503	CGTAGAGGCCCTTGCGAGCA	No Mutation	MTase	None	-0.04505875953	DNMT3A
DNMT3A2_010	AGGTTCCTGGACGGAGCCCC	Intron	Intron	None	-0.04616776882	DNMT3A
DNMT3A2_365	CGTGGAGTGTGTGGACCTCT	No Mutation	ADD	None	-0.04689749431	DNMT3A
DNMT3A2_078	CAGGCGTGGTAGCCACAGTG	Silent	Nterm	None	-0.04697048877	DNMT3A
DNMT3A2_330	GGCCTCAACGGCACCTCTCC	Intron	Intron	None	-0.04710138962	DNMT3A
DNMT3A2_015	ACGGAGCCCCGGGGAGACCG	Intron	Intron	None	-0.04798477918	DNMT3A
DNMT3A2_474	AGCATGTATGTCCATGCTGT	No Mutation	MTase	None	-0.04854838477	DNMT3A
DNMT3A2_593	AGGAGTGTCTGGAGCATGGC	No Mutation	MTase	None	-0.04874252647	DNMT3A
DNMT3A2_157	GTTTGGCAGTAGCCTGGGGT	Intron	Intron	None	-0.04982976542	DNMT3A
DNMT3A2_231	TCTGGTGGCTCCAGGCCCTT	No Mutation	Inter1	None	-0.05095065658	DNMT3A
DNMT3A2_355	CCAGCTAAGGAGACCACTGG	Intron	Intron	None	-0.05216261939	DNMT3A
DNMT3A2_640	CCAACATGAGCCGCTTGGCG	Silent	MTase	None	-0.05411949736	DNMT3A
DNMT3A2_563	TACTTCTGGGGTAACCTTCC	Silent	MTase	None	-0.05415130361	DNMT3A
DNMT3A2_584	TCTTCTGCCTCCTAGGCCGT	Intron	Intron	None	-0.05467202658	DNMT3A
DNMT3A2_438	ACAAGGCGGCCAGCACCTCT	Intron	Intron	None	-0.0551135948	DNMT3A
DNMT3A2_006	TGGCCTTATGGGTAGGTTCC	Intron	UTR	None	-0.05624854956	DNMT3A
DNMT3A2_577	GCCCACAGCCCCCCAGGCCC	Intron	Intron	None	-0.05658641083	DNMT3A
DNMT3A2_572	TGGTGAAAGCTCCTGGGCCT	No Mutation	Intron	None	-0.05773826953	DNMT3A
DNMT3A2_171	GCTGCTTGTTGTACGTGGCC	Silent	Inter1	None	-0.05801381499	DNMT3A
DNMT3A2_630	CAAATACCCTGGGGGAGAAA	Missense	MTase	V867I	-0.05916565282	DNMT3A
DNMT3A2_131	GGCCAGGCCGCATTGTGTCT	Missense	PWWP	P307L	-0.05921546616	DNMT3A
DNMT3A2_625	GTTGTGCTGGCATCTGGCTG	Intron	Intron	None	-0.05963510166	DNMT3A
DNMT3A2_041	AAAGGATGGAGGCTGTGCAA	No Mutation	Intron	None	-0.06256306632	DNMT3A
DNMT3A2_048	CTTGGCTTTCTTCTCAGCCT	Missense	Nterm	A218T	-0.06301450959	DNMT3A
DNMT3A2_271	AGTTGGCCTGCTTCTGGAGA	Intron	Intron	None	-0.06404677147	DNMT3A
DNMT3A2_274	CTTCTGGAGAGGGTGGCACC	Intron	Intron	None	-0.06453293909	DNMT3A
DNMT3A2_409	TGAGTGCTGGGCCTGGGGCG	Intron	Intron	None	-0.06528335328	DNMT3A
DNMT3A2_113	CTCCAGGACGGCCGGGGCTT	Intron	Intron	None	-0.0671259073	DNMT3A
DNMT3A2_384	CCCGCACATGTAGCAGTTCC	Missense	ADD	"M585I, C586Y"	-0.06753816537	DNMT3A
DNMT3A2_591	GCTGGAGCTGCAGGAGTGTC	Silent	MTase	None	-0.06759070131	DNMT3A
DNMT3A2_413	ACCTGTTGTGCTCACTGCTT	No Mutation	Intron	None	-0.06837650237	DNMT3A
DNMT3A2_252	AAGAAGTGTACACGGACATG	No Mutation	Inter1	None	-0.06981847263	DNMT3A
DNMT3A2_050	CCAGGCTGAGAAGAAAGCCA	Missense	Nterm	A214V	-0.07007642077	DNMT3A
DNMT3A2_272	TGGCCTGCTTCTGGAGAGGG	Intron	Intron	None	-0.07472500453	DNMT3A
DNMT3A2_141	GAGCAGCTGAAGGCACCCGC	Missense	PWWP	"A321V, A322V"	-0.07492248019	DNMT3A
DNMT3A2_395	GGCGAGAGGACTGGCCCTCC	No Mutation	ADD	None	-0.07495076062	DNMT3A
DNMT3A2_026	GGATTTCATTCTCCTTTGTA	Intron	Intron	None	-0.0760086721	DNMT3A
DNMT3A2_291	TTGAGGGTAAGTTTGTTGCC	No Mutation	ADD	None	-0.07681599241	DNMT3A
DNMT3A2_606	CTTTGCTGAACTAGATGAAG	Missense	MTase	S828N	-0.07698589279	DNMT3A
DNMT3A2_450	CTCCTGGTGCTGAAGGACTT	Silent	MTase	None	-0.07824849587	DNMT3A
DNMT3A2_453	GAAGGACTTGGGCATTCAGG	Silent	MTase	None	-0.07853844279	DNMT3A
DNMT3A2_444	TAACGGTGCTGTCTGCTGGC	Intron	Intron	None	-0.08028786318	DNMT3A
DNMT3A2_232	AAGGGCCTGGAGCCACCAGA	Silent	Inter1	None	-0.08132548725	DNMT3A
DNMT3A2_224	CTGGGGGGCTTCCAGCCTTC	No Mutation	Inter1	None	-0.08218639199	DNMT3A
DNMT3A2_014	GACGGAGCCCCGGGGAGACC	Intron	Intron	None	-0.0837493894	DNMT3A
DNMT3A2_140	AGCGGGTGCCTTCAGCTGCT	No Mutation	PWWP	None	-0.0846666996	DNMT3A
DNMT3A2_247	TAGGGATTCTTCTCTTCTGG	No Mutation	Inter1	None	-0.08576444805	DNMT3A
DNMT3A2_555	GTGTGCAGCTGACACTTCTT	Missense	MTase	A788T	-0.08728995369	DNMT3A
DNMT3A2_093	CTCGTCATCGCCTGCTTTGG	Missense	Nterm	D280N	-0.08867228722	DNMT3A
DNMT3A2_596	CCAGCAGAGGTTCTAGACGC	Intron	Intron	None	-0.0909878036	DNMT3A
DNMT3A2_573	GGTGAAAGCTCCTGGGCCTG	No Mutation	Intron	None	-0.09132452107	DNMT3A
DNMT3A2_449	GCTCCTGGTGCTGAAGGACT	Silent	MTase	None	-0.09154763495	DNMT3A
DNMT3A2_068	TGGGCTGCTGCACAGCAGGA	Silent	Nterm	None	-0.09452509959	DNMT3A
DNMT3A2_623	GCCAGATGCCAGCACAACCC	No Mutation	Intron	None	-0.0951564012	DNMT3A
DNMT3A2_605	CTAGATGAAGAGGAGAAAAG	No Mutation	Intron	None	-0.09539367402	DNMT3A
DNMT3A2_489	GATCGAATGGGCCCCACTCC	Missense	MTase	D702N	-0.09608493569	DNMT3A
DNMT3A2_604	TTCTCCCTGCCCCCCAGCAG	Intron	Intron	None	-0.09745039205	DNMT3A
DNMT3A2_225	CTTCCAGCCTTCTGGCCCTA	Nonsense	Inter1	"Q415*, P416S"	-0.09809049143	DNMT3A
DNMT3A2_311	TGGGAGCCTCAATGTTACCC	Missense	ADD	L500F	-0.09827139034	DNMT3A
DNMT3A2_122	GGCATTGGGGAGCTGGTGTG	No Mutation	PWWP	None	-0.09967129416	DNMT3A
DNMT3A2_297	TGGCACTCCTAGTGTGGCAT	Intron	Intron	None	-0.1030264109	DNMT3A
DNMT3A2_070	TCAGTGGGCTGCTGCACAGC	No Mutation	Nterm	None	-0.1037845531	DNMT3A
DNMT3A2_408	ATTTGTGAGTGCTGGGCCTG	No Mutation	Inter2	None	-0.1043679293	DNMT3A
DNMT3A2_447	GCTGGCTGGTGCAGGGCTCC	Intron	Intron	None	-0.1064566267	DNMT3A
DNMT3A2_086	GAGCCCGTGGGGTCCGATGC	Missense	Nterm	P264F	-0.1065910333	DNMT3A
DNMT3A2_349	GGCCGTGAGGTGCTCATGTG	Missense	ADD	R544C	-0.1093083173	DNMT3A
DNMT3A2_018	GCCCCGGGGAGACCGGGGGC	Intron	Intron	None	-0.1101359432	DNMT3A
DNMT3A2_013	GGACGGAGCCCCGGGGAGAC	Intron	Intron	None	-0.1104761721	DNMT3A
DNMT3A2_513	GGAAGCACCAGCTGAGAAGG	Intron	Intron	None	-0.1110798175	DNMT3A
DNMT3A2_147	TGGGTCATGTGGTTCGGAGA	Silent	PWWP	None	-0.1116181231	DNMT3A
DNMT3A2_313	AACGAAGAGGGGGTGTTCCA	No Mutation	ADD	None	-0.1122469503	DNMT3A
DNMT3A2_004	CTGCACCTGGCCTTATGGGT	Intron	UTR	None	-0.1134240654	DNMT3A
DNMT3A2_369	TGTGGACCTCTTGGTGGGGC	Missense	ADD	L565F	-0.113881813	DNMT3A
DNMT3A2_217	CCCATGATTGAATGGGCCCT	No Mutation	Inter1	None	-0.1159864652	DNMT3A
DNMT3A2_080	CTCAGGCGTGGTAGCCACAG	Silent	Nterm	None	-0.1164800211	DNMT3A
DNMT3A2_612	CTGGTCTTTGCCCTGCTTTA	Missense	MTase	D845N	-0.1188098138	DNMT3A
DNMT3A2_253	AGAAGTGTACACGGACATGT	No Mutation	Inter1	None	-0.1206678479	DNMT3A
DNMT3A2_576	TCCTGGGCCTGGGGGGCTGT	Intron	Intron	None	-0.1215575454	DNMT3A
DNMT3A2_270	TAGTTGGCCTGCTTCTGGAG	Intron	Intron	None	-0.1238256073	DNMT3A
DNMT3A2_236	TGCCCTCATTTACCTTCTGG	Intron	Intron	None	-0.1254392763	DNMT3A
DNMT3A2_174	GTAGATGGCTTTGCGGTACA	No Mutation	Inter1	None	-0.1256619756	DNMT3A
DNMT3A2_353	TGCTGCAGGTGAGGCTGTTG	Silent	ADD	None	-0.1257842669	DNMT3A
DNMT3A2_251	GTCCGTGTACACTTCTTTGT	Silent	Inter1	None	-0.128054969	DNMT3A
DNMT3A2_496	CCATTCGATCTGGTGATTGG	Silent	MTase	None	-0.1282963147	DNMT3A
DNMT3A2_499	GAGCAGGGTTGACGATGGAG	Missense	MTase	A719T	-0.1317194632	DNMT3A
DNMT3A2_368	AGTGTGTGGACCTCTTGGTG	No Mutation	ADD	None	-0.1374447827	DNMT3A
DNMT3A2_047	TTGGCTTTCTTCTCAGCCTG	Missense	Nterm	A218T	-0.1387111388	DNMT3A
DNMT3A2_287	ACGAGGTGCGGCAGAAGTGC	No Mutation	ADD	None	-0.1415230632	DNMT3A
DNMT3A2_172	CATGGGCTGCTTGTTGTACG	Silent	Inter1	None	-0.1418972539	DNMT3A
DNMT3A2_424	CTGAGAAGAGGAAGCCCATC	No Mutation	Inter2	None	-0.142276041	DNMT3A
DNMT3A2_267	ATTATTGATGAGCGCACAAG	No Mutation	Inter1	None	-0.1426298029	DNMT3A
DNMT3A2_046	ATGGGAGAATAACTGGGGTT	No Mutation	Intron	None	-0.1428040365	DNMT3A
DNMT3A2_511	GCACCAGCTGAGAAGGTGGA	Intron	Intron	None	-0.1433580687	DNMT3A
DNMT3A2_237	GGGTGCCCTCATTTACCTTC	Intron	Intron	None	-0.1449162935	DNMT3A
DNMT3A2_189	AGGGTGACACGCCAGGGTTG	Intron	Intron	None	-0.1455703996	DNMT3A
DNMT3A2_390	AGGGTACCTACGGGCTGCTG	Missense	ADD	T591I	-0.1468913175	DNMT3A
DNMT3A2_082	GCTACCACGCCTGAGCCCGT	Missense	Nterm	"T260I, T261M"	-0.1471547604	DNMT3A
DNMT3A2_208	CGATGAGAGTGACACTGCCA	No Mutation	Inter1	None	-0.1497032852	DNMT3A
DNMT3A2_103	CCCCCGGAAAGAGCTGGCCA	Intron	Intron	None	-0.1497185306	DNMT3A
DNMT3A2_043	CTGTGCAATGGGAGAATAAC	Intron	Intron	None	-0.1501716637	DNMT3A
DNMT3A2_609	GGAGTTTGACCTCGTAGTAA	No Mutation	MTase	None	-0.1503426606	DNMT3A
DNMT3A2_657	AGGGACATGGGGGCAAACTG	Intron	UTR	None	-0.1510268845	DNMT3A
DNMT3A2_240	GGCAGGGGTCCCAGAAAGCT	No Mutation	Intron	None	-0.1572915544	DNMT3A
DNMT3A2_283	GTACACCAGCCGCTCTGCAA	Missense	Inter1	V480I	-0.1586320254	DNMT3A
DNMT3A2_547	TGGTTTGGCCAGCTCACTAA	No Mutation	Intron	None	-0.1587299548	DNMT3A
DNMT3A2_530	GGGGCGATCATCTCCCTCCT	Missense	MTase	R749H	-0.1604780487	DNMT3A
DNMT3A2_367	GAGTGTGTGGACCTCTTGGT	No Mutation	ADD	None	-0.1695037253	DNMT3A
DNMT3A2_039	AGTGTGATACGGTGAAAGGA	No Mutation	Nterm	None	-0.1721286395	DNMT3A
DNMT3A2_490	GGAGTGGGGCCCATTCGATC	No Mutation	MTase	None	-0.1747403598	DNMT3A
DNMT3A2_243	TGGATCTGCCTGGCGGGCAG	Intron	Intron	None	-0.1781512282	DNMT3A
DNMT3A2_342	TCCTACTGCACCATCTGCTG	Silent	ADD	None	-0.178347767	DNMT3A
DNMT3A2_262	GCTTCTCCGCTGTGCTCTTC	Missense	Inter1	E463K	-0.1820823672	DNMT3A
DNMT3A2_399	TAGCGAAGAACATCTGGAGC	Missense	ADD	A610T	-0.183414411	DNMT3A
DNMT3A2_361	GAAGGAGACCCAGTGAGCAG	No Mutation	Intron	None	-0.1869994468	DNMT3A
DNMT3A2_233	ATTTACCTTCTGGTGGCTCC	Splice Site	Splice Site	E427K	-0.1877146203	DNMT3A
DNMT3A2_575	TGAAAGCTCCTGGGCCTGGG	Intron	Intron	None	-0.1887802379	DNMT3A
DNMT3A2_107	TTTCTGCTCCTTGGGGCTCC	Intron	Intron	None	-0.1926106299	DNMT3A
DNMT3A2_286	AGCGGCTGGTGTACGAGGTG	Silent	Inter1	None	-0.1940797717	DNMT3A
DNMT3A2_599	AGCGTCTAGAACCTCTGCTG	Intron	Intron	None	-0.198304284	DNMT3A
DNMT3A2_266	ATCAATAATCTCCTTGACCT	No Mutation	Inter1	None	-0.1992440848	DNMT3A
DNMT3A2_229	TCCAGGCCCTTAGGGCCAGA	Missense	Inter1	G421N	-0.2005373739	DNMT3A
DNMT3A2_264	AGCGGAGAAGCCCAAGGTCA	No Mutation	Inter1	None	-0.2041808283	DNMT3A
DNMT3A2_469	CAGGGGAAGATCATGTACGT	No Mutation	MTase	None	-0.2124984067	DNMT3A
DNMT3A2_452	GCTGAAGGACTTGGGCATTC	No Mutation	MTase	None	-0.2126420563	DNMT3A
DNMT3A2_366	GGAGTGTGTGGACCTCTTGG	No Mutation	ADD	None	-0.212963895	DNMT3A
DNMT3A2_206	TCATCGCTGTCGTGGCACAC	Missense	Inter1	"S390N, D391N"	-0.213925512	DNMT3A
DNMT3A2_031	TCCTGGAGCGGGTTGTGAGA	No Mutation	Nterm	None	-0.2155031473	DNMT3A
DNMT3A2_364	ACACTCCACGCAAAAGCACC	Missense	ADD	E561K	-0.2177268391	DNMT3A
DNMT3A2_338	TGCTGTCTAGAACTGCTTTC	Intron	Intron	None	-0.2196577003	DNMT3A
DNMT3A2_475	GCATGTATGTCCATGCTGTG	No Mutation	MTase	None	-0.2269196184	DNMT3A
DNMT3A2_075	GTAGCCACAGTGGGGGATGC	Missense	Nterm	"V258I, A259T"	-0.2322750893	DNMT3A
DNMT3A2_169	GCACTGCAAAACGAGCTCAG	Missense	Inter1	"C351Y, S352N"	-0.2333457867	DNMT3A
DNMT3A2_344	CCTACTGCACCATCTGCTGT	Silent	ADD	None	-0.2377659514	DNMT3A
DNMT3A2_385	CCTGGAACTGCTACATGTGC	Silent	ADD	None	-0.2391270727	DNMT3A
DNMT3A2_045	GTGCAATGGGAGAATAACTG	Intron	Intron	None	-0.2495722038	DNMT3A
DNMT3A2_250	TCCGTGTACACTTCTTTGTA	No Mutation	Inter1	None	-0.2569425521	DNMT3A
DNMT3A2_382	CCGCACATGTAGCAGTTCCA	Missense	ADD	"M585I, C586Y"	-0.256961679	DNMT3A
DNMT3A2_417	GGGACAGGTGGGTAAACCTT	Missense	Inter2	V626I	-0.2574461184	DNMT3A
DNMT3A2_191	GGAGGGTGACACGCCAGGGT	No Mutation	Intron	None	-0.2665200433	DNMT3A
DNMT3A2_541	CATGGGCGTTAGTGACAAGA	Silent	MTase	None	-0.2667368893	DNMT3A
DNMT3A2_207	TGTCACTCTCATCGCTGTCG	Missense	Inter1	"S393N, D394N"	-0.2683509975	DNMT3A
DNMT3A2_073	TGACCCCGCATCCCCCACTG	Missense	Nterm	P253F	-0.2977363681	DNMT3A
DNMT3A2_552	GGCATCAATCATCACAGGGT	Missense	MTase	D781N	-0.2981698697	DNMT3A
DNMT3A2_009	TAGGTTCCTGGACGGAGCCC	Intron	Intron	None	-0.3049781044	DNMT3A
DNMT3A2_037	CCTGAAAGACGAGTGTGATA	No Mutation	Nterm	None	-0.3297253646	DNMT3A
DNMT3A2_649	CCTTCAGCGGAGCGAAGAGG	Silent	MTase	None	-0.3559243589	DNMT3A
DNMT3A2_288	GCAGAAGTGCCGGAACATTG	No Mutation	ADD	None	-0.3628906628	DNMT3A
DNMT3A2_398	AGCGAAGAACATCTGGAGCC	No Mutation	ADD	None	-0.3683283355	DNMT3A
DNMT3A2_021	TCCCCGCCCCCGGTCTCCCC	Intron	Intron	None	-0.3708172547	DNMT3A
DNMT3A2_260	TTCTCCGCTGTGCTCTTCCG	Missense	Inter1	"A462T, E463K"	-0.3716136966	DNMT3A
DNMT3A2_312	GGTGTTCCAGGGTAACATTG	Missense	ADD	E505K	-0.3880363357	DNMT3A
DNMT3A2_633	ACTGGGAAACCAAATACCCT	No Mutation	MTase	None	-0.3960628113	DNMT3A
DNMT3A2_381	CGCACATGTAGCAGTTCCAG	Missense	ADD	M585I	-0.3975569238	DNMT3A
DNMT3A2_310	GGTAACATTGAGGCTCCCAC	Missense	ADD	V502I	-0.4077684322	DNMT3A
DNMT3A2_654	TGCGTGTGTGTAAGGGACAT	No Mutation	MTase	None	-0.4116063879	DNMT3A
DNMT3A2_154	GTGGGGTTTGGCAGTAGCCT	No Mutation	Intron	None	-0.435163032	DNMT3A
DNMT3A2_422	TGGGCTTCCTCTTCTCAGCT	Silent	Inter2	None	-0.4613571708	DNMT3A
DNMT3A2_269	AGAGGTAGTTGGCCTGCTTC	No Mutation	Inter1	None	-0.4658993551	DNMT3A
DNMT3A2_343	CCCACAGCAGATGGTGCAGT	Missense	ADD	"C540Y, C541Y"	-0.4694706684	DNMT3A
DNMT3A2_044	TGTGCAATGGGAGAATAACT	Intron	Intron	None	-0.5751918874	DNMT3A
DNMT3A2_414	TCCTAAGCAGTGAGCACAAC	Intron	Intron	None	-0.7204775582	DNMT3A
DNMT3A2_340	GGTAGCCGTCGTCGTCGTAC	Missense	ADD	G532N	-1.160705771	DNMT3A
DNMT3A2_727	TATTGCGAACCGAATGTACG	No Mutation	No Mutation	None	0.7623296215	Control
DNMT3A2_662	GCTCACCTGGCAGAAGCTGC	No Mutation	No Mutation	None	0.4166658959	Control
DNMT3A2_725	CTCCTTGCTGGCGATCAATG	No Mutation	No Mutation	None	0.2524422771	Control
DNMT3A2_658	ACTCACGAGGTGCTGGGAGG	No Mutation	No Mutation	None	0.2484045638	Control
DNMT3A2_677	AGCCGTCGTTGGACGTAACG	No Mutation	No Mutation	None	0.2408247507	Control
DNMT3A2_669	CACTCACCTCTTGGAGCTGG	No Mutation	No Mutation	None	0.2342676086	Control
DNMT3A2_704	GACACAAGTGTGAACGTTCG	No Mutation	No Mutation	None	0.2154519785	Control
DNMT3A2_688	TAGAGGTCGTACGTAACGCG	No Mutation	No Mutation	None	0.1857867177	Control
DNMT3A2_707	CTGGGGGTTGGACTTTCGTG	No Mutation	No Mutation	None	0.1844174821	Control
DNMT3A2_672	CACGCGTAACGCGCCTTATT	No Mutation	No Mutation	None	0.1793855631	Control
DNMT3A2_659	CATACCTCTGAATGATCAAT	No Mutation	No Mutation	None	0.1654921739	Control
DNMT3A2_705	TGGTCCATTCCATTGCGACT	No Mutation	No Mutation	None	0.1600150571	Control
DNMT3A2_698	AAGCGGTTGTACGACGCACG	No Mutation	No Mutation	None	0.1533036263	Control
DNMT3A2_720	TCGTAGTGTATTACGATGCT	No Mutation	No Mutation	None	0.1419773284	Control
DNMT3A2_680	TGTCGCGTTCGCGATTTGCG	No Mutation	No Mutation	None	0.1353240448	Control
DNMT3A2_724	TAGGCAAAATGACGCTCACT	No Mutation	No Mutation	None	0.1350803004	Control
DNMT3A2_660	CACTCACTGTTGCACTCTGC	No Mutation	No Mutation	None	0.1340410049	Control
DNMT3A2_674	TGGTACATACCGCTCGCGTA	No Mutation	No Mutation	None	0.1318560941	Control
DNMT3A2_689	CTCCGAACCGCGTACGTCGT	No Mutation	No Mutation	None	0.1294425273	Control
DNMT3A2_702	CCGTGTGGGTATATGACTCG	No Mutation	No Mutation	None	0.1092333567	Control
DNMT3A2_713	CCGGCTCCCATGCGGCAACC	No Mutation	No Mutation	None	0.1019832711	Control
DNMT3A2_687	GGATACCGTACACGCGGTAT	No Mutation	No Mutation	None	0.09827779734	Control
DNMT3A2_719	CTGCCTGCCCTAACGTTGGA	No Mutation	No Mutation	None	0.09729673446	Control
DNMT3A2_673	TTGAGTGCGTCGCGGCGTAA	No Mutation	No Mutation	None	0.09453080095	Control
DNMT3A2_681	CCCTGCGTCGACCGTAACGC	No Mutation	No Mutation	None	0.08986105165	Control
DNMT3A2_661	AACTCACCCCAAAGTCCTGA	No Mutation	No Mutation	None	0.08611677167	Control
DNMT3A2_730	ATGTAGATGGCGCCCCCTTG	No Mutation	No Mutation	None	0.07987867844	Control
DNMT3A2_675	TCGTTCCGGTCGTCGACCGT	No Mutation	No Mutation	None	0.07714978839	Control
DNMT3A2_706	TGGGATGAGGACTATACCTT	No Mutation	No Mutation	None	0.06846645888	Control
DNMT3A2_667	TCATTACCTGGTTGTCAAGC	No Mutation	No Mutation	None	0.06613601463	Control
DNMT3A2_721	TGGCTAGACTATACGTTGTG	No Mutation	No Mutation	None	0.04416620778	Control
DNMT3A2_676	CCCGCCGATTAACGCGACTA	No Mutation	No Mutation	None	0.03807905379	Control
DNMT3A2_682	CCCTAGATATCGTTCGCGAC	No Mutation	No Mutation	None	0.03255522369	Control
DNMT3A2_685	CGCCGGTTCGCGCGGATATA	No Mutation	No Mutation	None	0.02808636366	Control
DNMT3A2_710	GGTGCTGTTAATTTCCGTTG	No Mutation	No Mutation	None	0.02392360683	Control
DNMT3A2_697	ATCAACGCGGCGGACGGATT	No Mutation	No Mutation	None	0.02334773229	Control
DNMT3A2_722	CAAGTCTACGCAGCCGTAAG	No Mutation	No Mutation	None	0.01761580027	Control
DNMT3A2_693	TGCCGCACCTCGATCGAACG	No Mutation	No Mutation	None	0.006768635427	Control
DNMT3A2_686	AGGGACGCATCGTTCGTCGA	No Mutation	No Mutation	None	0.002800831419	Control
DNMT3A2_717	CCCGGCGTACAGCCTATCCG	No Mutation	No Mutation	None	-0.0004900699094	Control
DNMT3A2_694	CCAATACGGCGTGCCGCGTT	No Mutation	No Mutation	None	-0.004322409157	Control
DNMT3A2_683	CTGGCACGATTGAACGCGGT	No Mutation	No Mutation	None	-0.005789883016	Control
DNMT3A2_671	CGGTCGCCCAATGCGCGATC	No Mutation	No Mutation	None	-0.01514820633	Control
DNMT3A2_712	CCAGGGACAGGACTTACGGT	No Mutation	No Mutation	None	-0.01795992043	Control
DNMT3A2_691	TCAGGACCGAATCGCGATAC	No Mutation	No Mutation	None	-0.01815314936	Control
DNMT3A2_666	CCTCACCTTTGAAGAGAAAG	No Mutation	No Mutation	None	-0.07801616787	Control
DNMT3A2_700	TCCATACGCGCGACCGGATA	No Mutation	No Mutation	None	-0.08001765089	Control
DNMT3A2_711	CCATGGTTTAGACACAACGG	No Mutation	No Mutation	None	-0.08243504531	Control
DNMT3A2_695	CTAATCCGTCGTGTCGGACG	No Mutation	No Mutation	None	-0.08411443968	Control
DNMT3A2_718	GCCTCGTGGGATGCGTTGTG	No Mutation	No Mutation	None	-0.09072816283	Control
DNMT3A2_729	AGTTGACAGCCTGAACCGGT	No Mutation	No Mutation	None	-0.09308284423	Control
DNMT3A2_665	CTTACCTGGCTCTTCTTGGT	No Mutation	No Mutation	None	-0.1114818777	Control
DNMT3A2_699	GAGGGACGTAATCCCGATCG	No Mutation	No Mutation	None	-0.1222827551	Control
DNMT3A2_692	TCGCCCCGATTACGCGCATA	No Mutation	No Mutation	None	-0.1374602188	Control
DNMT3A2_678	TATATCGCGGCGTCGTTACA	No Mutation	No Mutation	None	-0.1398573296	Control
DNMT3A2_708	TCACCAGGGATAGCCCCATA	No Mutation	No Mutation	None	-0.142536324	Control
DNMT3A2_726	TATAGGGGAACCCATACGTA	No Mutation	No Mutation	None	-0.1468673278	Control
DNMT3A2_709	TGTGGTGTGGTTGATCGCAA	No Mutation	No Mutation	None	-0.149420333	Control
DNMT3A2_690	CTCGTACGACCGGACGTCTA	No Mutation	No Mutation	None	-0.1623105827	Control
DNMT3A2_701	TAGTTATGTAGACGTCCTGC	No Mutation	No Mutation	None	-0.1650314055	Control
DNMT3A2_723	TGGGTTGGATGCCACTAACC	No Mutation	No Mutation	None	-0.1886155503	Control
DNMT3A2_715	TGGGCCTCTGTAAACGGCAC	No Mutation	No Mutation	None	-0.1895821352	Control
DNMT3A2_684	CGTGTCGTTATTCGCGAATC	No Mutation	No Mutation	None	-0.2085717214	Control
DNMT3A2_716	TGATATCTGTTCACTACGGT	No Mutation	No Mutation	None	-0.2178365331	Control
DNMT3A2_668	CCTACCTGAAACACTGACCT	No Mutation	No Mutation	None	-0.2213718244	Control
DNMT3A2_696	GACTCCGAAACGTACCGTCG	No Mutation	No Mutation	None	-0.2262072743	Control
DNMT3A2_703	CTCTGGAAGACTTTAGCCGC	No Mutation	No Mutation	None	-0.2281589024	Control
DNMT3A2_663	ACGTACCTGTTGAAAAGTGC	No Mutation	No Mutation	None	-0.2481093881	Control
DNMT3A2_670	ACTACCTTATGATAGAGTTC	No Mutation	No Mutation	None	-0.2647653852	Control
DNMT3A2_714	GGAGTAAACCCGCATGATGG	No Mutation	No Mutation	None	-0.3203399679	Control
DNMT3A2_679	TTCCGTTAGTATGCCGTACG	No Mutation	No Mutation	None	-0.3249705914	Control
DNMT3A2_728	CAGGCCATTATAACGTAATG	No Mutation	No Mutation	None	-0.3611936375	Control
DNMT3A2_664	TAAAATACCTCCATTGATTC	No Mutation	No Mutation	None	-0.6650704379	Control